NOMBRE, EMAIL, PISTA, FECHA, HORA, MATERIAL, NORMAS
"Manuel García", manuel@email.com, Pádel 1, 2026-10-15, 16:00, Palas, Sí
"Laura Fernández", laura@email.com, Pádel 2, 2026-10-15, 17:00, raquetas, Sí
"Carlos López", carlos@email.com, Pádel 1, 2026-10-15, 18:00, balón, Sí
"Ana Martínez", ana@email.com, Tenis, 2026-10-16, 16:00, raquetas, Sí
"David Sánchez", david@email.com, Baloncesto, 2026-10-16, 19:00, balón;petos, Sí
"Lucía Romero", lucia@email.com, Pádel 1, 2026-10-17, 20:00, , Sí
"Javier Torres", javier@email.com, Pádel 2, 2026-10-18, 16:00, raquetas;petos, Sí
"Marta Díaz", marta@email.com, Tenis, 2026-10-19, 21:00, raquetas, Sí
"Pablo Ruiz", pablo@email.com, Baloncesto, 2026-10-20, 18:00, balón;petos, Sí
"Elena Moreno", elena@email.com, Pádel 1, 2026-10-22, 17:00, , Sí